government,Province_China,Province,city_China,City,N,E
___,__,Anhui ,__,Hefei,31.52,117.17
___,__,Anhui ,__,Anqing,30.31,117.02
___,__,Anhui ,__,Bengbu,32.56,117.21
___,__,Anhui ,__,Bozhou,33.52,115.47
___,__,Anhui ,__,Chaohu,31.36,117.52
___,__,Anhui ,__,Chuzhou,32.18,118.18
___,__,Anhui ,__,Fuyang,32.54,115.48
___,__,Anhui ,__,#N/A,30.39,117.28
___,__,Anhui ,__,Huaibei,33.57,116.47
___,__,Anhui ,__,Huainan,32.37,116.58
___,__,Anhui ,__,Huangshan,29.43,118.18
___,__,Anhui ,__,Jieshou,33.15,115.21
___,__,Anhui ,__,Lu'an,31.44,116.28
___,__,Anhui ,___,Ma'anshan,31.43,118.28
___,__,Anhui ,__,Mingguang,32.47,117.58
___,__,Anhui ,__,Suzhou,33.38,116.58
___,__,Anhui ,__,Tianchang,32.41,118.59
___,__,Anhui ,__,Tongling,30.56,117.48
___,__,Anhui ,__,Wuhu,31.19,118.22
___,__,Anhui ,__,#N/A,30.57,118.44
__,__,#N/A,__,#N/A,21.33,115.07
___,___,#N/A,__,Beijing,39.55,116.24
___,__,Fujian,__,Fuzhou,26.05,119.18
___,__,Fujian,__,Changle,25.58,119.31
___,__,Fujian,__,Fu'an,27.06,119.39
___,__,Fujian,__,Fuqing,25.42,119.23
___,__,Fujian,__,Jian'ou,27.03,118.2
___,__,Fujian,__,#N/A,27.21,118.07
___,__,Fujian,__,Jinjiang,24.49,118.35
___,__,Fujian,__,Longhai,24.26,117.48
___,__,Fujian,__,Longyan,25.06,117.01
___,__,Fujian,__,Nan'an,24.57,118.23
___,__,Fujian,__,Nanping,26.38,118.1
___,__,Fujian,__,Ningde,26.39,119.31
___,__,Fujian,__,Putian,24.26,119.01
___,__,Fujian,__,Quanzhou,24.56,118.36
___,__,Fujian,__,Sanming,26.13,117.36
___,__,Fujian,__,Shaowu,27.2,117.29
___,__,Fujian,__,Shishi,24.44,118.38
___,__,Fujian,___,Wuyishan,27.46,118.02
___,__,Fujian,__,Xiamen,24.27,118.06
___,__,Fujian,__,Yong'an,25.58,117.23
___,__,Fujian,__,Zhangping,25.17,117.24
___,__,Fujian,__,Zhangzhou,24.31,117.39
___,__,Gansu ,__,Lanzhou,36.04,103.51
___,__,Gansu ,__,Baiyin,36.33,104.12
___,__,Gansu ,__,Dunhuang,40.08,94.41
___,__,Gansu ,___,Jiayuguan,39.48,98.14
___,__,Gansu ,__,Jinchang,38.28,102.1
___,__,Gansu ,__,Jiuquan,39.44,98.31
___,__,Gansu ,__,Linxia,35.37,103.12
___,__,Gansu ,__,Pingliang,35.32,106.4
___,__,Gansu ,__,Tianshui,34.37,105.42
___,__,Gansu ,__,Wuwei,37.56,102.39
___,__,Gansu ,__,#N/A,35.45,107.4
___,__,Gansu ,__,Yumen,39.49,97.35
___,__,Gansu ,__,Zhangye,38.56,100.26
___,__,Guangdong,__,Guangzhou,23.08,113.14
___,__,Guangdong,__,#N/A,23.16,116.36
___,__,Guangdong,__,Chaozhou,23.4,116.38
___,__,Guangdong,__,#N/A,23.28,116.46
___,__,Guangdong,__,#N/A,23.33,113.33
___,__,Guangdong,__,Dongguan,23.02,113.45
___,__,Guangdong,__,Enping,22.12,112.19
___,__,Guangdong,__,Foshan,23.02,113.06
___,__,Guangdong,__,#N/A,22.53,112.5
___,__,Guangdong,__,#N/A,23.02,112.26
___,__,Guangdong,__,Gaozhou,21.54,110.5
___,__,Guangdong,__,Heshan,22.46,112.57
___,__,Guangdong,__,Heyuan,23.43,114.41
___,__,Guangdong,__,#N/A,23.23,113.12
___,__,Guangdong,__,Huazhou,21.39,110.37
___,__,Guangdong,__,#N/A,22.48,114.28
___,__,Guangdong,__,Huizhou,23.05,114.22
___,__,Guangdong,__,Jiangmen,22.35,113.04
___,__,Guangdong,__,Jieyang,22.32,116.21
___,__,Guangdong,__,Kaiping,22.22,112.4
___,__,Guangdong,__,Lechang,25.09,113.21
___,__,Guangdong,__,Leizhou,20.54,110.04
___,__,Guangdong,__,Lianjiang,21.37,110.17
___,__,Guangdong,__,Lianzhou,24.48,112.23
___,__,Guangdong,__,Luoding,22.46,111.33
___,__,Guangdong,__,Maoming,21.4,110.53
___,__,Guangdong,__,Meizhou,24.19,116.07
___,__,Guangdong,__,#N/A,23.01,113.09
___,__,Guangdong,__,#N/A,22.57,113.22
___,__,Guangdong,__,Puning,23.18,116.1
___,__,Guangdong,__,Qingyuan,23.42,113.01
___,__,Guangdong,__,#N/A,23.1,112.52
___,__,Guangdong,__,Shantou,23.22,116.41
___,__,Guangdong,__,Shanwei,22.47,115.21
___,__,Guangdong,__,Shaoguan,24.48,113.37
___,__,Guangdong,__,Shenzhen,22.33,114.07
___,__,Guangdong,__,#N/A,22.5,113.15
___,__,Guangdong,__,Sihui,23.21,112.41
___,__,Guangdong,__,Taishan,22.15,112.48
___,__,Guangdong,__,Wuchuan,21.26,110.47
___,__,Guangdong,__,#N/A,22.32,113.01
___,__,Guangdong,__,Xingning,24.09,115.43
___,__,Guangdong,__,Yangchun,22.1,111.48
___,__,Guangdong,__,Yangjiang,21.5,111.58
___,__,Guangdong,__,Yingde,24.1,113.22
___,__,Guangdong,__,Yunfu,22.57,112.02
___,__,Guangdong,__,Zengcheng,23.18,113.49
___,__,Guangdong,__,Zhanjiang,21.11,110.24
___,__,Guangdong,__,Zhaoqing,23.03,112.27
___,__,Guangdong,__,Zhongshan,22.31,113.22
___,__,Guangdong,__,Zhuhai,22.17,113.34
_____,_____,#N/A,__,Nanning,22.48,108.19
_____,_____,#N/A,__,Beihai,21.28,109.07
_____,_____,#N/A,__,Beiliu,22.42,110.21
_____,_____,#N/A,__,Baise,23.54,106.36
_____,_____,#N/A,___,Fangchenggang,21.37,108.2
_____,_____,#N/A,__,Guigang,23.06,109.36
_____,_____,#N/A,__,Guilin,25.17,110.17
_____,_____,#N/A,__,Guiping,23.22,110.04
_____,_____,#N/A,__,Hechi,24.42,108.03
_____,_____,#N/A,__,Heshan,23.47,108.52
_____,_____,#N/A,__,Liuzhou,23.19,109.24
_____,_____,#N/A,__,#N/A,22.07,106.44
_____,_____,#N/A,__,Qinzhou,21.57,108.37
_____,_____,#N/A,__,Wuzhou,23.29,111.2
_____,_____,#N/A,__,Yulin,22.38,110.09
_____,_____,#N/A,__,Yizhou,24.28,108.4
___,__,Guizhou ,__,Guiyang,26.35,106.42
___,__,Guizhou ,__,Anshun,26.14,105.55
___,__,Guizhou ,__,Bijie,27.18,105.18
___,__,Guizhou ,__,Chishui,28.34,105.42
___,__,Guizhou ,__,Duyun,26.15,107.31
___,__,Guizhou ,__,Kaili,26.35,107.58
___,__,Guizhou ,___,Liupanshui,26.35,104.5
___,__,Guizhou ,__,Qingzhen,26.33,106.27
___,__,Guizhou ,__,Tongren,27.43,109.12
___,__,Guizhou ,__,Xingyi,25.05,104.53
___,__,Guizhou ,__,Zunyi,27.42,106.55
___,__,Hainan,__,Haikou,20.02,110.2
___,__,Hainan,__,Danzhou,19.31,109.34
___,__,Hainan,__,Qionghai,19.14,110.28
___,__,Hainan,__,#N/A,19.59,110.21
___,__,Hainan,__,Sanya,18.14,109.31
___,__,Hainan,__,#N/A,18.46,109.31
___,__,Hebei ,___,Shijiazhuang,38.02,114.3
___,__,Hebei ,__,Anguo,38.24,115.2
___,__,Hebei ,__,Baoding,38.51,115.3
___,__,Hebei ,__,Bazhou,39.06,116.24
___,__,Hebei ,__,Botou,38.04,116.34
___,__,Hebei ,__,Cangzhou,38.18,116.52
___,__,Hebei ,__,Chengde,40.59,117.57
___,__,Hebei ,__,Dingzhou,38.3,115
___,__,Hebei ,__,#N/A,39.34,118.06
___,__,Hebei ,___,Gaobeidian,39.2,115.51
___,__,Hebei ,__,#N/A,38.02,114.5
___,__,Hebei ,__,Handan,36.36,114.28
___,__,Hebei ,__,Hejian,38.26,116.05
___,__,Hebei ,__,Hengshui,37.44,115.42
___,__,Hebei ,__,Huanghua,38.21,117.21
___,__,Hebei ,__,Jinzhou,38.02,115.02
___,__,Hebei ,__,#N/A,37.34,115.33
___,__,Hebei ,__,#N/A,39.31,116.42
___,__,Hebei ,__,#N/A,38.04,114.19
___,__,Hebei ,__,Nangong,37.22,115.23
___,__,Hebei ,___,Qinhuangdao,39.55,119.35
___,__,Hebei ,__,Renqiu,38.42,116.07
___,__,Hebei ,__,Sanhe,39.58,117.04
___,__,Hebei ,__,Shahe,36.51,114.3
___,__,Hebei ,__,Shenzhou,38.01,115.32
___,__,Hebei ,__,Tangshan,39.36,118.11
___,__,Hebei ,__,Wu'an,36.42,114.11
___,__,Hebei ,__,Xingtai,37.04,114.3
___,__,Hebei ,__,Xinji,37.54,115.12
___,__,Hebei ,__,Xinle,38.2,114.41
___,__,Hebei ,___,Zhangjiakou,40.48,114.53
___,__,Hebei ,__,Zhuozhou,39.29,115.59
___,__,Hebei ,__,Zunhua,40.11,117.58
___,__,Henan ,__,Zhengzhou,34.46,113.4
___,__,Henan ,__,Anyang,36.06,114.21
___,__,Henan ,__,Changge,34.12,113.47
___,__,Henan ,__,Dengfeng,34.27,113.02
___,__,Henan ,__,Dengzhou,32.42,112.05
___,__,Henan ,__,Gongyi,34.46,112.58
___,__,Henan ,__,Hebi,35.54,114.11
___,__,Henan ,__,Huixian,35.27,113.47
___,__,Henan ,__,Jiaozuo,35.14,113.12
___,__,Henan ,__,Jiyuan,35.04,112.35
___,__,Henan ,__,Kaifeng,34.47,114.21
___,__,Henan ,__,Lingbao,34.31,110.52
___,__,Henan ,__,Linzhou,36.03,113.49
___,__,Henan ,__,Luohe,33.33,114.02
___,__,Henan ,__,Luoyang,34.41,112.27
___,__,Henan ,__,Nanyang,33,112.32
___,__,Henan ,___,Pingdingshan,33.44,113.17
___,__,Henan ,__,Puyang,35.44,115.01
___,__,Henan ,__,Qinyang,35.05,112.57
___,__,Henan ,__,Ruzhou,34.09,112.5
___,__,Henan ,___,Sanmenxia,34.47,111.12
___,__,Henan ,__,Shangqiu,34.26,115.38
___,__,Henan ,__,Weihui,35.24,114.03
___,__,Henan ,__,Wugang,33.17,113.3
___,__,Henan ,__,Xiangcheng,33.26,114.54
___,__,Henan ,__,Xingyang,34.46,113.21
___,__,Henan ,__,Xinmi,34.31,113.22
___,__,Henan ,__,Xinxiang,35.18,113.52
___,__,Henan ,__,Xinyang,32.07,114.04
___,__,Henan ,__,Xinzheng,34.24,113.43
___,__,Henan ,__,Xuchang,34.01,113.49
___,__,Henan ,__,Yanshi,34.43,112.47
___,__,Henan ,__,Yima,34.43,111.55
___,__,Henan ,__,Yuzhou,34.09,113.28
___,__,Henan ,__,Zhoukou,33.37,114.38
___,__,Henan ,___,Zhumadian,32.58,114.01
____,___,Heilongjiang ,___,Harbin,45.44,126.36
____,___,Heilongjiang ,__,#N/A,45.32,126.58
____,___,Heilongjiang ,__,Anda,46.24,125.18
____,___,Heilongjiang ,__,Bei'an,48.15,126.31
____,___,Heilongjiang ,__,Daqing,46.36,125.01
____,___,Heilongjiang ,__,Fujin,47.15,132.02
____,___,Heilongjiang ,__,Hailin,44.35,129.21
____,___,Heilongjiang ,__,Hailun,47.28,126.57
____,___,Heilongjiang ,__,Hegang,47.2,130.16
____,___,Heilongjiang ,__,Heihe,50.14,127.29
____,___,Heilongjiang ,___,Jiamusi,46.47,130.22
____,___,Heilongjiang ,__,Jixi,45.17,130.57
____,___,Heilongjiang ,__,Mishan,45.32,131.5
____,___,Heilongjiang ,___,Mudanjiang,44.35,129.36
____,___,Heilongjiang ,__,Nehe,48.29,124.51
____,___,Heilongjiang ,__,Ning'an,44.21,129.28
____,___,Heilongjiang ,____,Qiqihar,47.2,123.57
____,___,Heilongjiang ,___,Qitaihe,45.48,130.49
____,___,Heilongjiang ,__,#N/A,45.22,126.15
____,___,Heilongjiang ,__,Shangzhi,45.14,127.55
____,___,Heilongjiang ,___,Shuangyashan,46.38,131.11
____,___,Heilongjiang ,___,Suifenhe,44.25,131.11
____,___,Heilongjiang ,__,Suihua,46.38,126.59
____,___,Heilongjiang ,__,Tieli,46.59,128.01
____,___,Heilongjiang ,__,Tongjiang,47.39,132.3
____,___,Heilongjiang ,__,Wuchang,44.55,127.11
____,___,Heilongjiang ,____,Wudalianchi,48.38,126.07
____,___,Heilongjiang ,__,Yichun,47.42,128.56
____,___,Heilongjiang ,__,Zhaodong,46.04,125.58
___,__,Hubei ,__,Wuhan,30.35,114.17
___,__,Hubei ,__,Anlu,31.15,113.41
___,__,Hubei ,__,Dangyang,30.5,111.47
___,__,Hubei ,___,Danjiangkou,32.33,108.3
___,__,Hubei ,__,Daye,30.06,114.58
___,__,Hubei ,__,Enshi,30.16,109.29
___,__,Hubei ,__,Ezhou,30.23,114.52
___,__,Hubei ,__,Guangshui,31.37,113.48
___,__,Hubei ,__,Honghu,29.48,113.27
___,__,Hubei ,__,Huangshi,30.12,115.06
___,__,Hubei ,__,#N/A,30.27,114.52
___,__,Hubei ,__,Jingmen,31.02,112.12
___,__,Hubei ,__,#N/A,30.18,112.16
___,__,Hubei ,___,Laohekou,32.23,111.4
___,__,Hubei ,__,Lichuan,30.18,108.56
___,__,Hubei ,__,Macheng,31.1,115.01
___,__,Hubei ,__,#N/A,29.42,113.51
___,__,Hubei ,__,Qianjiang,30.26,112.53
___,__,Hubei ,__,Shishou,29.43,112.24
___,__,Hubei ,__,Shiyan,32.4,110.47
___,__,Hubei ,__,Suizhou,31.42,113.22
___,__,Hubei ,__,Tianmen,30.6,113.1
___,__,Hubei ,__,Wuxue,29.51,115.33
___,__,Hubei ,__,#N/A,32.02,112.08
___,__,Hubei ,__,Xianning,29.53,114.17
___,__,Hubei ,__,Xiantao,30.22,113.27
___,__,Hubei ,__,Xiaogan,30.56,113.54
___,__,Hubei ,__,Yichang,30.42,111.17
___,__,Hubei ,__,Yicheng,31.42,112.15
___,__,Hubei ,__,Yingcheng,30.57,113.33
___,__,Hubei ,__,Zaoyang,32.07,112.44
___,__,Hubei ,__,#N/A,30.23,111.27
___,__,Hubei ,__,Zhongxiang,31.1,112.34
___,__,Hunan ,__,Changsha,28.12,112.59
___,__,Hunan ,__,Changde,29.02,111.51
___,__,Hunan ,__,Chenzhou,25.46,113.02
___,__,Hunan ,__,Hengyang,26.53,112.37
___,__,Hunan ,__,Hongjiang,27.07,109.59
___,__,Hunan ,__,Huaihua,27.33,109.58
___,__,Hunan ,__,#N/A,29.38,111.52
___,__,Hunan ,__,Jishou,28.18,109.43
___,__,Hunan ,__,Leiyang,26.24,112.51
___,__,Hunan ,___,Lengshuijiang,27.42,111.26
___,__,Hunan ,___,#N/A,26.26,111.35
___,__,Hunan ,__,Lianyuan,27.41,111.41
___,__,Hunan ,__,Liling,27.4,113.3
___,__,Hunan ,__,Linxiang,29.29,113.27
___,__,Hunan ,__,Liuyang,28.09,113.37
___,__,Hunan ,__,Loudi,27.44,111.59
___,__,Hunan ,__,Miluo,28.49,113.03
___,__,Hunan ,__,Shaoshan,27.54,112.29
___,__,Hunan ,__,Shaoyang,27.14,111.28
___,__,Hunan ,__,Wugang,26.43,110.37
___,__,Hunan ,__,Xiangtan,27.52,112.53
___,__,Hunan ,__,Xiangxiang,27.44,112.31
___,__,Hunan ,__,Yiyang,28.36,112.2
___,__,Hunan ,__,Yongzhou,26.13,111.37
___,__,Hunan ,__,Yuanjiang,28.5,112.22
___,__,Hunan ,__,Yueyang,29.22,113.06
___,__,Hunan ,___,Zhangjiajie,29.08,110.29
___,__,Hunan ,__,Zhuzhou,27.51,113.09
___,__,Hunan ,__,Zixing,25.58,113.13
___,__,Jilin ,__,Changchun,43.54,125.19
___,__,Jilin ,__,Baicheng,45.38,122.5
___,__,Jilin ,__,Baishan,41.56,126.26
___,__,Jilin ,__,Da'an,45.3,124.18
___,__,Jilin ,__,Dehui,44.32,125.42
___,__,Jilin ,__,Dunhua,43.22,128.13
___,__,Jilin ,___,Gongzhuling,43.31,124.49
___,__,Jilin ,__,Helong,42.32,129
___,__,Jilin ,__,Huadian,42.58,126.44
___,__,Jilin ,__,Hunchun,42.52,130.22
___,__,Jilin ,__,Ji'an,41.08,126.11
___,__,Jilin ,__,Jiaohe,43.42,127.21
___,__,Jilin ,__,Jilin,43.52,126.33
___,__,Jilin ,__,#N/A,44.09,125.51
___,__,Jilin ,__,Liaoyuan,42.54,125.09
___,__,Jilin ,__,Linjiang,41.49,126.53
___,__,Jilin ,__,Longjing,42.46,129.26
___,__,Jilin ,___,Meihekou,42.32,125.4
___,__,Jilin ,__,Shulan,44.24,126.57
___,__,Jilin ,__,Siping,43.1,124.22
___,__,Jilin ,__,Songyuan,45.11,124.49
___,__,Jilin ,__,Taonan,45.2,122.47
___,__,Jilin ,__,Tonghua,41.43,125.56
___,__,Jilin ,__,Tumen,42.57,129.51
___,__,Jilin ,__,Yanji,42.54,129.3
___,__,Jilin ,__,#N/A,44.49,126.32
___,__,Jiangsu ,__,Nanjing,32.03,118.46
___,__,Jiangsu ,__,Changshu,31.39,120.43
___,__,Jiangsu ,__,Changzhou,31.47,119.58
___,__,Jiangsu ,__,Danyang,32,119.32
___,__,Jiangsu ,__,Dongtai,32.51,120.19
___,__,Jiangsu ,__,Gaoyou,32.47,119.27
___,__,Jiangsu ,__,Haimen,31.53,121.09
___,__,Jiangsu ,__,Huai'an,33.3,119.09
___,__,Jiangsu ,__,#N/A,33.36,119.02
___,__,Jiangsu ,__,#N/A,32.26,119.32
___,__,Jiangsu ,__,#N/A,32.34,120.08
___,__,Jiangsu ,__,Jiangyin,31.54,120.17
___,__,Jiangsu ,__,Jingjiang,32.02,120.17
___,__,Jiangsu ,__,#N/A,31.46,119.33
___,__,Jiangsu ,__,Kunshan,31.23,120.57
___,__,Jiangsu ,___,#N/A,34.36,119.1
___,__,Jiangsu ,__,Liyang,31.26,119.29
___,__,Jiangsu ,__,Nantong,32.01,120.51
___,__,Jiangsu ,__,Pizhou,34.19,117.59
___,__,Jiangsu ,__,#N/A,31.48,121.39
___,__,Jiangsu ,__,Rugao,32.23,120.33
___,__,Jiangsu ,__,Suqian,33.58,118.18
___,__,Jiangsu ,__,Suzhou,31.19,120.37
___,__,Jiangsu ,__,Taicang,31.27,121.06
___,__,Jiangsu ,__,Taixing,32.1,120.01
___,__,Jiangsu ,__,Taizhou,32.3,119.54
___,__,Jiangsu ,__,#N/A,32.05,121.03
___,__,Jiangsu ,__,Wujiang,31.1,120.39
___,__,Jiangsu ,__,Wuxi,31.34,120.18
___,__,Jiangsu ,__,Xinghua,32.56,119.5
___,__,Jiangsu ,__,Xinyi,34.22,118.2
___,__,Jiangsu ,__,Xuzhou,34.15,117.11
___,__,Jiangsu ,__,#N/A,33.22,120.08
___,__,Jiangsu ,__,Yangzhong,32.14,119.49
___,__,Jiangsu ,__,Yangzhou,32.23,119.26
___,__,Jiangsu ,__,Yixing,31.21,119.49
___,__,Jiangsu ,__,Yizheng,32.16,119.1
___,__,Jiangsu ,___,Zhangjiagang,31.52,120.32
___,__,Jiangsu ,__,Zhenjiang,32.11,119.27
___,__,Jiangxi ,__,Nanchang,28.4,115.55
___,__,Jiangxi ,__,Dexing,28.57,117.35
___,__,Jiangxi ,__,Fengcheng,28.12,115.48
___,__,Jiangxi ,__,Ganzhou,28.52,114.56
___,__,Jiangxi ,__,Gao'an,28.25,115.22
___,__,Jiangxi ,__,Ji'an,27.07,114.58
___,__,Jiangxi ,___,Jingdezhen,29.17,117.13
___,__,Jiangxi ,___,Jinggangshan,26.34,114.1
___,__,Jiangxi ,__,Jiujiang,29.43,115.58
___,__,Jiangxi ,__,Leping,28.58,117.08
___,__,Jiangxi ,__,#N/A,27.59,116.21
___,__,Jiangxi ,__,Pingxiang,27.37,113.5
___,__,Jiangxi ,__,Ruichang,29.4,115.38
___,__,Jiangxi ,__,Ruijin,25.53,116.01
___,__,Jiangxi ,__,Shangrao,25.27,117.58
___,__,Jiangxi ,__,Xinyu,27.48,114.56
___,__,Jiangxi ,__,Yichun,27.47,114.23
___,__,Jiangxi ,__,Yingtan,28.14,117.03
___,__,Jiangxi ,__,Zhangshu,28.03,115.32
___,__,Liaoning ,__,Shenyang,41.48,123.25
___,__,Liaoning ,__,Anshan,41.07,123
___,__,Liaoning ,__,Beipiao,41.48,120.47
___,__,Liaoning ,__,Benxi,41.18,123.46
___,__,Liaoning ,__,Chaoyang,41.34,120.27
___,__,Liaoning ,__,Dalian,38.55,121.36
___,__,Liaoning ,__,Dandong,40.08,124.22
___,__,Liaoning ,___,Dashiqiao,40.37,122.31
___,__,Liaoning ,__,Donggang,39.53,124.08
___,__,Liaoning ,__,Fengcheng,40.28,124.02
___,__,Liaoning ,__,Fushun,41.51,123.54
___,__,Liaoning ,__,Fuxin,42.01,121.39
___,__,Liaoning ,__,Gaizhou,40.24,122.21
___,__,Liaoning ,__,Haicheng,40.51,122.43
___,__,Liaoning ,___,Huludao,40.45,120.51
___,__,Liaoning ,__,Jinzhou,41.07,121.09
___,__,Liaoning ,__,Kaiyuan,42.32,124.02
___,__,Liaoning ,__,Liaoyang,41.16,123.12
___,__,Liaoning ,__,Linghai,41.1,121.21
___,__,Liaoning ,__,Lingyuan,41.14,119.22
___,__,Liaoning ,__,Panjin,41.07,122.03
___,__,Liaoning ,___,#N/A,39.23,121.58
___,__,Liaoning ,__,#N/A,42.28,123.32
___,__,Liaoning ,__,Tieling,42.18,123.51
___,__,Liaoning ,___,Wafangdian,39.37,122
___,__,Liaoning ,__,Xingcheng,40.37,120.41
___,__,Liaoning ,__,Xinmin,41.59,122.49
___,__,Liaoning ,__,Yingkou,40.39,122.13
___,__,Liaoning ,__,Zhuanghe,39.41,122.58
____,____,#N/A,____,Hohhot,40.48,111.41
____,____,#N/A,__,Baotou,40.39,109.49
____,____,#N/A,__,Chifeng,42.17,118.58
____,____,#N/A,__,#N/A,39.48,109.59
____,____,#N/A,____,Erenhot,43.38,111.58
____,____,#N/A,____,Ergun,50.13,120.11
____,____,#N/A,__,Fengzhen,40.27,113.09
____,____,#N/A,__,Genhe,50.48,121.29
____,____,#N/A,___,#N/A,49.12,119.39
____,____,#N/A,____,Holingol,45.32,119.38
____,____,#N/A,__,#N/A,41.02,113.06
____,____,#N/A,__,#N/A,40.46,107.22
____,____,#N/A,___,Manzhouli,49.35,117.23
____,____,#N/A,__,Tongliao,43.37,122.16
____,____,#N/A,____,Ulanhot,46.03,122.03
____,____,#N/A,__,Wuhai,39.4,106.48
____,____,#N/A,____,Xilinhot,43.57,116.03
____,____,#N/A,___,Yakeshi,49.17,120.4
____,____,#N/A,___,Zhalantun,48,122.47
_____,_____,#N/A,__,Yinchuan,38.27,106.16
_____,_____,#N/A,___,Qingtongxia,37.56,105.59
_____,_____,#N/A,___,Shizuishan,39.02,106.22
_____,_____,#N/A,__,Wuzhong,37.59,106.11
___,__,Qinghai ,__,Xining,36.38,101.48
___,__,Qinghai ,___,Delingha,37.22,97.23
___,__,Qinghai ,___,Golmud,36.26,94.55
___,__,Shandong ,__,Jinan,36.4,117
___,__,Shandong ,__,Anqiu,36.25,119.12
___,__,Shandong ,__,Binzhou,37.22,118.02
___,__,Shandong ,__,Changyi,39.52,119.24
___,__,Shandong ,__,Dezhou,37.26,116.17
___,__,Shandong ,__,Dongying,37.27,118.3
___,__,Shandong ,__,Feicheng,36.14,116.46
___,__,Shandong ,__,Gaomi,36.22,119.44
___,__,Shandong ,__,Heze,35.14,115.26
___,__,Shandong ,__,#N/A,35.53,119.58
___,__,Shandong ,__,Jiaozhou,36.17,120
___,__,Shandong ,__,Jimo,36.22,120.28
___,__,Shandong ,__,Jining,35.23,116.33
___,__,Shandong ,__,Laiwu,36.12,117.4
___,__,Shandong ,__,Laixi,36.52,120.31
___,__,Shandong ,__,Laiyang,36.58,120.42
___,__,Shandong ,__,Laizhou,37.1,119.57
___,__,Shandong ,__,Leling,37.44,117.12
___,__,Shandong ,__,Liaocheng,36.26,115.57
___,__,Shandong ,__,Linqing,36.51,115.42
___,__,Shandong ,__,Linyi,35.03,118.2
___,__,Shandong ,__,Longkou,37.39,120.21
___,__,Shandong ,__,Penglai,37.48,120.45
___,__,Shandong ,__,Pingdu,36.47,119.58
___,__,Shandong ,__,Qingdao,36.03,120.18
___,__,Shandong ,__,Qingzhou,36.42,118.28
___,__,Shandong ,__,Qufu,35.36,116.58
___,__,Shandong ,__,Rizhao,35.23,119.32
___,__,Shandong ,__,Rongcheng,37.1,122.25
___,__,Shandong ,__,Rushan,36.54,121.31
___,__,Shandong ,__,Shouguang,36.53,118.44
___,__,Shandong ,__,Tai'an,36.11,117.08
___,__,Shandong ,__,Tengzhou,35.06,117.09
___,__,Shandong ,__,Weifang,36.43,119.06
___,__,Shandong ,__,Weihai,37.31,122.07
___,__,Shandong ,__,#N/A,37.12,122.03
___,__,Shandong ,__,Xintai,35.54,117.45
___,__,Shandong ,__,Yantai,37.32,121.24
___,__,Shandong ,__,#N/A,35.32,116.49
___,__,Shandong ,__,Yucheng,36.56,116.39
___,__,Shandong ,__,Zaozhuang,34.52,117.33
___,__,Shandong ,__,Zhangqiu,36.43,117.32
___,__,Shandong ,__,Zhaoyuan,37.21,120.23
___,__,Shandong ,__,Zhucheng,35.59,119.24
___,__,Shandong ,__,Zibo,36.48,118.03
___,__,Shandong ,__,Zoucheng,35.24,116.58
___,__,Shanxi ,__,Taiyuan,37.54,112.33
___,__,Shanxi ,__,Changzhi,36.11,113.06
___,__,Shanxi ,__,Datong,40.06,113.17
___,__,Shanxi ,__,Gaoping,35.48,112.55
___,__,Shanxi ,__,Gujiao,37.54,112.09
___,__,Shanxi ,__,Hejin,35.35,110.41
___,__,Shanxi ,__,Houma,35.37,111.21
___,__,Shanxi ,__,Huozhou,36.34,111.42
___,__,Shanxi ,__,Jiexiu,37.02,111.55
___,__,Shanxi ,__,Jincheng,35.3,112.51
___,__,Shanxi ,__,Linfen,36.05,111.31
___,__,Shanxi ,__,Lucheng,36.21,113.14
___,__,Shanxi ,__,Shuozhou,39.19,112.26
___,__,Shanxi ,__,Xiaoyi,37.08,111.48
___,__,Shanxi ,__,Xinzhou,38.24,112.43
___,__,Shanxi ,__,Yangquan,37.51,113.34
___,__,Shanxi ,__,Yongji,34.52,110.27
___,__,Shanxi ,__,Yuanping,38.43,112.42
___,__,Shanxi ,__,#N/A,37.41,112.43
___,__,Shanxi ,__,Yuncheng,35.02,110.59
___,__,Shanxi ,__,Xi'an,34.17,108.57
___,__,Shanxi ,__,Ankang,32.41,109.01
___,__,Shanxi ,__,Baoji,34.22,107.09
___,__,Shanxi ,__,Hancheng,35.28,110.27
___,__,Shanxi ,__,Hanzhong,33.04,107.01
___,__,Shanxi ,__,Huayin,34.34,110.05
___,__,Shanxi ,__,#N/A,33.52,109.57
___,__,Shanxi ,__,Tongchuan,35.06,109.07
___,__,Shanxi ,__,Weinan,34.3,109.3
___,__,Shanxi ,__,Xianyang,34.2,108.43
___,__,Shanxi ,__,Xingping,34.18,108.29
___,__,Shanxi ,__,Yan'an,36.35,109.28
___,__,Shanxi ,__,Yulin,38.18,109.47
___,___,#N/A,__,Shanghai,31.14,121.29
___,__,Sichuan,__,Chengdu,30.4,104.04
___,__,Sichuan,__,Bazhong,31.51,106.43
___,__,Sichuan,__,Chongzhou,30.39,103.4
___,__,Sichuan,__,#N/A,31.14,107.29
___,__,Sichuan,__,Deyang,31.09,104.22
___,__,Sichuan,___,Dujiangyan,31.01,103.37
___,__,Sichuan,___,Emeishan,29.36,103.29
___,__,Sichuan,__,#N/A,29.42,107.22
___,__,Sichuan,__,Guanghan,30.58,104.15
___,__,Sichuan,__,Guangyuan,32.28,105.51
___,__,Sichuan,__,Huaying,30.26,106.44
___,__,Sichuan,__,Jianyang,30.24,104.32
___,__,Sichuan,__,Jiangyou,31.48,104.42
___,__,Sichuan,__,Langzhong,31.36,105.58
___,__,Sichuan,__,Leshan,29.36,103.44
___,__,Sichuan,__,Luzhou,28.54,105.24
___,__,Sichuan,__,Mianyang,31.3,104.42
___,__,Sichuan,__,Nanchong,30.49,106.04
___,__,Sichuan,__,Neijiang,29.36,105.02
___,__,Sichuan,___,Panzhihua,26.34,101.43
___,__,Sichuan,__,Pengzhou,30.59,103.57
___,__,Sichuan,__,Qionglai,30.26,103.28
___,__,Sichuan,__,Suining,30.31,105.33
___,__,Sichuan,__,#N/A,30.5,108.21
___,__,Sichuan,__,Wanyuan,32.03,108.03
___,__,Sichuan,__,Xichang,27.54,102.16
___,__,Sichuan,__,Ya'an,29.59,102.59
___,__,Sichuan,__,Yibin,28.47,104.34
___,__,Sichuan,__,Zigong,29.23,104.46
___,__,Sichuan,__,Ziyang,30.09,104.38
___,__,#N/A,__,#N/A,25.03,121.3
___,___,#N/A,__,Tianjin,39.02,117.12
_____,_____,#N/A,__,Lhasa,29.39,91.08
_____,_____,#N/A,___,Shigatse,29.16,88.51
__,__,#N/A,__,#N/A,21.23,115.12
_____,_____,#N/A,____,Urumqi,43.45,87.36
_____,_____,#N/A,___,Aksu,41.09,80.19
_____,_____,#N/A,___,Altay,47.5,88.12
_____,_____,#N/A,___,Artux,39.42,76.08
_____,_____,#N/A,__,Bole,44.57,82.08
_____,_____,#N/A,__,Changji,44.02,87.18
_____,_____,#N/A,__,Fukang,44.09,87.58
_____,_____,#N/A,__,Hami,42.5,93.28
_____,_____,#N/A,__,Hotan,37.09,79.55
_____,_____,#N/A,____,Karamay,45.36,84.51
_____,_____,#N/A,__,Kashgar,39.3,75.59
_____,_____,#N/A,___,Korla,41.46,86.07
_____,_____,#N/A,__,Kuytun,44.27,84.56
_____,_____,#N/A,___,Shihezi,44.18,86
_____,_____,#N/A,__,Tacheng,46.46,82.59
_____,_____,#N/A,___,Turpan,42.54,89.11
_____,_____,#N/A,__,Yining,43.55,81.2
___,__,Yunnan ,__,Kunming,25.04,102.42
___,__,Yunnan ,__,Baoshan,25.08,99.1
___,__,Yunnan ,__,Chuxiong,25.01,101.32
___,__,Yunnan ,__,Dali,25.34,100.13
___,__,Yunnan ,__,#N/A,26.06,103.12
___,__,Yunnan ,__,Gejiu,23.21,103.09
___,__,Yunnan ,__,Jinghong,22.01,100.48
___,__,Yunnan ,__,Kaiyuan,23.43,103.13
___,__,Yunnan ,__,Qujing,25.3,103.48
___,__,Yunnan ,__,Ruili,24,97.5
___,__,Yunnan ,__,#N/A,22.48,100.58
___,__,Yunnan ,__,#N/A,24.06,98.04
___,__,Yunnan ,__,Xuanwei,26.13,104.06
___,__,Yunnan ,__,Yuxi,24.22,102.32
___,__,Yunnan ,__,Zhaotong,27.2,103.42
___,__,Zhejiang ,__,Hangzhou,30.16,120.1
___,__,Zhejiang ,__,Cixi,30.11,121.15
___,__,Zhejiang ,__,Dongyang,29.16,120.14
___,__,Zhejiang ,__,Fenghua,29.39,121.24
___,__,Zhejiang ,__,Fuyanng,30.03,119.57
___,__,Zhejiang ,__,Haining,30.32,120.42
___,__,Zhejiang ,__,Huzhou,30.52,120.06
___,__,Zhejiang ,__,Jiande,29.29,119.16
___,__,Zhejiang ,__,Jiangshan,28.45,118.37
___,__,Zhejiang ,__,Jiaxing,30.46,120.45
___,__,Zhejiang ,__,Jinhua,29.07,119.39
___,__,Zhejiang ,__,Lanxi,29.12,119.28
___,__,Zhejiang ,__,Linhai,28.51,121.08
___,__,Zhejiang ,__,Lishui,28.27,119.54
___,__,Zhejiang ,__,Longquan,28.04,119.08
___,__,Zhejiang ,__,Ningbo,29.52,121.33
___,__,Zhejiang ,__,Pinghu,30.42,121.01
___,__,Zhejiang ,__,Quzhou,28.58,118.52
___,__,Zhejiang ,__,Ruian,27.48,120.38
___,__,Zhejiang ,__,#N/A,30.01,120.52
___,__,Zhejiang ,__,Shaoxing,30,120.34
___,__,Zhejiang ,__,Taizhou,28.41,121.27
___,__,Zhejiang ,__,Tongxiang,30.38,120.32
___,__,Zhejiang ,__,Wenling,28.22,121.21
___,__,Zhejiang ,__,Wenzhou,28.01,120.39
___,__,Zhejiang ,__,#N/A,30.09,120.16
___,__,Zhejiang ,__,Yiwu,29.18,120.04
___,__,Zhejiang ,__,Yueqing,28.08,120.58
___,__,Zhejiang ,__,#N/A,30.26,120.18
___,__,Zhejiang ,__,Yuyao,30.02,121.1
___,__,Zhejiang ,__,Yongkang,29.54,120.01
___,__,Zhejiang ,__,Zhoushan,30.01,122.06
___,__,Zhejiang ,__,Zhuji,29.43,120.14
___,___,#N/A,__,Chongqing,29.35,106.33
___,___,#N/A,__,#N/A,30.02,106.15
___,___,#N/A,__,#N/A,29.18,106.16
___,___,#N/A,__,#N/A,29.1,107.05
___,___,#N/A,__,#N/A,29.23,105.53
,,,__,Su1zhou,31.23,120.57
,,,__,"Haikou, Hainan",20.02,110.2
,,,___,Lianyungang,34.596544,119.221282
___,__,Fujian,__,Fu zhou,26.05,119.18
,,,__,YIN CHUAN,38.27,106.16
,,,__,Xiangyang,32,112
,,,__,ZHEN JIANG,32.11,119.27
,,,__,Guang'an,30,106
,,,__,Xuancheng,30.57,118.44